{
  "project_info": {
    "project_number": "809330974188",
    "project_id": "ultimategg-aeed5",
    "storage_bucket": "ultimategg-aeed5.appspot.com"
  },
  "client": [
    {
      "client_info": {
        "mobilesdk_app_id": "1:809330974188:android:35d1447d377b0528def4c9",
        "android_client_info": {
          "package_name": "com.example.ultimategg"
        }
      },
      "oauth_client": [
        {
          "client_id": "809330974188-m424l562qndloq7gi69fdjt7575sjo7k.apps.googleusercontent.com",
          "client_type": 3
        }
      ],
      "api_key": [
        {
          "current_key": "AIzaSyCcLOUdadpmmMd7F-6JyIr5vD2feEondqA"
        }
      ],
      "services": {
        "appinvite_service": {
          "other_platform_oauth_client": [
            {
              "client_id": "809330974188-m424l562qndloq7gi69fdjt7575sjo7k.apps.googleusercontent.com",
              "client_type": 3
            }
          ]
        }
      }
    }
  ],
  "configuration_version": "1"
}